Drug,RMSE,R^2,MAE
M01AE,2.206857,0.11704188585281372,1.7150728
N02BE,13.27248,0.37386250495910645,9.689306
