Drug,RMSE,R^2,MAE
R03,8.006439757233926,0.02449073760820164,5.528382443741576
R06,2.3813999043755656,0.2060531560704748,1.765428261076228
