DrugCode,Model,R2,MSE,RMSE
M01AB,XGBoost,0.002109165226320431,8.387819366532627,2.896173227991141
M01AE,Random Forest,0.08397149010596439,5.058015287225974,2.2490031763485736
N02BA,LSTM,0.0040516225122466665,3.7358312606811523,1.9328298568725586
N02BE,Random Forest,0.37006187078169706,175.22269390671826,13.237170917787466
N05B,N/A,N/A,N/A,N/A
N05C,N/A,N/A,N/A,N/A
R03,LSTM,0.06298159816807691,61.29521942138672,7.829126358032227
R06,LSTM,0.25924007555617223,5.331903457641602,2.309091567993164
